N,Np,Bo,Boi,Rsi,Rs,Rp,Bg,Bgi,We,Wp,Bw,m,Swi,cw,cf,deltaP
50000000,588274.3,1.35,1.35,600,591.30,610,0.00115,0.0011,0.0,0.0,1.0,0.1,0.20,0,0,0
50000000,1492681.0,1.34,1.35,600,566.67,630,0.00120,0.0011,0.0,0.0,1.0,0.1,0.20,0,0,0
50000000,2840909.1,1.33,1.35,600,538.46,660,0.00130,0.0011,0.0,0.0,1.0,0.1,0.20,0,0,0
50000000,4302458.5,1.32,1.35,600,507.14,700,0.00140,0.0011,0.0,0.0,1.0,0.1,0.20,0,0,0
50000000,5922865.0,1.31,1.35,600,477.42,750,0.00155,0.0011,0.0,0.0,1.0,0.1,0.20,0,0,0
